#corpus	vsize	bsize	lrate	wordnet	human	human_dynamic
lch-thresh15-near50	300	100	0.001	0.9319678041908555	0.4573893126750171	0.5180848501322052
lch-thresh15-near50	300	50	0.001	0.9275736492780409	0.44645047911343244	0.5157479518409274
lch-thresh15-near50	300	20	0.005	0.9294352045619257	0.4584791642081268	0.5215749280128994
lch-thresh15-near50	300	50	0.005	0.9335315368836514	0.45520290682992565	0.5120798002040717
lch-thresh15-near50	300	100	0.005	0.9341013174454866	0.45210989936379026	0.5144129380693563