#corpus	vsize	bsize	lrate	wordnet	human	human_dynamic
lch-thresh15-near100	300	50	0.001	0.9234655230176185	0.4415167463889323	0.5197812153670686
lch-thresh15-near100	300	100	0.001	0.9225304790465477	0.44453882626773294	0.5150329716775575
