#corpus	vsize	bsize	lrate	wordnet	human	human_dynamic
lch-thresh15-near50	300	100	0.001	0.9319678041908555	0.4573893126750171	0.5180848501322052
lch-thresh15-near50	300	50	0.001	0.9275736492780409	0.44645047911343244	0.5157479518409274
